id,Champion_name,title,difficulty,herotype,Secondary_type,resource,rangetype,date,role,positions,damage,toughness,control,mobility,utility,adaptivetype,Passive,Q,W,E,Ultimate
1,Aatrox,the Darkin Blade,2,Fighter,Tank,Blood Well,Melee,13/6/2013,{'Juggernaut'},{'Top'},3,3,2,2,2,Physical,{1: 'Deathbringer Stance'},"{1: 'The Darkin Blade', 2: 'The Darkin Blade 3'}",{1: 'Infernal Chains'},{1: 'Umbral Dash'},{1: 'World Ender'}
2,Ahri,the Nine-Tailed Fox,2,Mage,Assassin,Mana,Ranged,14/12/2011,{'Burst'},{'Middle'},3,1,2,3,1,Magic,{1: 'Essence Theft'},{1: 'Orb of Deception'},{1: 'Fox-Fire'},{1: 'Charm'},{1: 'Spirit Rush'}
3,Akali,the Rogue Assassin,2,Assassin,,Energy,Melee,11/5/2010,{'Assassin'},"{'Middle', 'Top'}",3,1,1,3,1,Physical,"{1: ""Assassin's Mark""}",{1: 'Five Point Strike'},{1: 'Twilight Shroud'},{1: 'Shuriken Flip'},{1: 'Perfect Execution'}
4,Akshan,the Rogue Sentinel,3,Marksman,Assassin,Mana,Ranged,22/7/2021,"{'Assassin', 'Marksman'}",{'Middle'},3,1,1,3,2,Physical,{1: 'Dirty Fighting'},{1: 'Avengerang'},{1: 'Going Rogue'},{1: 'Heroic Swing'},{1: 'Comeuppance'}
5,Alistar,the Minotaur,1,Tank,Support,Mana,Melee,21/2/2009,{'Vanguard'},{'Support'},1,3,3,1,2,Magic,{1: 'Triumphant Roar'},{1: 'Pulverize'},{1: 'Headbutt'},{1: 'Trample'},{1: 'Unbreakable Will'}
6,Ambessa,The Matriarch of War,3,Fighter,Assassin,Energy,Melee,6/11/2024,"{'Diver', 'Skirmisher'}",{'Top'},3,2,1,3,1,Physical,"{1: ""Drakehound's Step""}","{1: 'Cunning Sweep', 2: 'Sundering Slam'}",{1: 'Repudiation'},{1: 'Lacerate'},{1: 'Public Execution'}
7,Amumu,the Sad Mummy,1,Tank,Support,Mana,Melee,26/6/2009,{'Vanguard'},"{'Jungle', 'Support'}",2,3,3,1,1,Magic,{1: 'Cursed Touch'},{1: 'Bandage Toss'},{1: 'Despair'},{1: 'Tantrum'},{1: 'Curse of the Sad Mummy'}
8,Anivia,the Cryophoenix,3,Mage,Support,Mana,Ranged,10/7/2009,{'Battlemage'},{'Middle'},3,1,3,1,2,Magic,{1: 'Rebirth'},{1: 'Flash Frost'},{1: 'Crystallize'},{1: 'Frostbite'},{1: 'Glacial Storm'}
9,Annie,the Dark Child,1,Mage,Support,Mana,Ranged,21/2/2009,{'Burst'},{'Middle'},3,1,3,1,2,Magic,{1: 'Pyromania'},{1: 'Disintegrate'},{1: 'Incinerate'},{1: 'Molten Shield'},"{1: 'Summon: Tibbers', 2: 'Command: Tibbers'}"
10,Aphelios,the Weapon of the Faithful,3,Marksman,,Mana,Ranged,11/12/2019,{'Marksman'},{'Bottom'},3,1,2,1,1,Physical,"{1: 'The Hitman and the Seer', 2: 'Calibrum', 3: 'Severum', 4: 'Gravitum', 5: 'Infernum', 6: 'Crescendum'}","{1: 'Weapons of the Faithful', 2: 'Moonshot', 3: 'Onslaught', 4: 'Binding Eclipse', 5: 'Duskwave', 6: 'Sentry'}",{1: 'Phase'},{1: 'Weapon Queue System'},{1: 'Moonlight Vigil'}
11,Ashe,the Frost Archer,1,Marksman,Support,Mana,Ranged,21/2/2009,{'Marksman'},"{'Support', 'Bottom'}",2,1,3,1,2,Physical,"{1: 'Frost Shot', 2: 'Frost Shot 2'}","{1: ""Ranger's Focus"", 2: ""Ranger's Focus 2""}",{1: 'Volley'},{1: 'Hawkshot'},{1: 'Enchanted Crystal Arrow'}
12,AurelionSol,The Star Forger,3,Mage,,Mana,Ranged,24/3/2016,{'Battlemage'},{'Middle'},3,1,2,2,1,Magic,{1: 'Cosmic Creator'},{1: 'Breath of Light'},{1: 'Astral Flight'},{1: 'Singularity'},"{1: 'Falling Star', 2: 'The Skies Descend'}"
13,Aurora,the Witch Between Worlds,2,Mage,Assassin,Mana,Ranged,17/7/2024,"{'Burst', 'Assassin'}","{'Middle', 'Top'}",3,1,2,3,1,Magic,{1: 'Spirit Abjuration'},{1: 'Twofold Hex'},{1: 'Across the Veil'},{1: 'The Weirding'},{1: 'Between Worlds'}
14,Azir,the Emperor of the Sands,3,Mage,Marksman,Mana,Ranged,16/9/2014,{'Specialist'},{'Middle'},3,1,2,2,1,Magic,"{1: ""Shurima's Legacy""}",{1: 'Conquering Sands'},{1: 'Arise!'},{1: 'Shifting Sands'},"{1: ""Emperor's Divide""}"
15,Bard,the Wandering Caretaker,3,Support,Mage,Mana,Ranged,12/3/2015,{'Catcher'},{'Support'},1,1,3,2,3,Magic,"{1: ""Traveler's Call"", 2: ""Traveler's Call 2""}",{1: 'Cosmic Binding'},"{1: ""Caretaker's Shrine""}",{1: 'Magical Journey'},{1: 'Tempered Fate'}
16,Belveth,the Empress of the Void,2,Fighter,,None,Melee,9/6/2022,{'Skirmisher'},{'Jungle'},3,1,2,3,1,Physical,{1: 'Death in Lavender'},{1: 'Void Surge'},{1: 'Above and Below'},{1: 'Royal Maelstrom'},{1: 'Endless Banquet'}
17,Blitzcrank,the Great Steam Golem,1,Tank,Support,Mana,Melee,2/9/2009,{'Catcher'},{'Support'},1,2,3,1,1,Magic,{1: 'Mana Barrier'},{1: 'Rocket Grab'},{1: 'Overdrive'},{1: 'Power Fist'},{1: 'Static Field'}
18,Brand,the Burning Vengeance,2,Mage,Support,Mana,Ranged,12/4/2011,{'Burst'},"{'Jungle', 'Middle', 'Support'}",3,1,2,1,1,Magic,{1: 'Blaze'},{1: 'Sear'},{1: 'Pillar of Flame'},{1: 'Conflagration'},{1: 'Pyroclasm'}
19,Braum,the Heart of the Freljord,2,Tank,Support,Mana,Melee,12/5/2014,{'Warden'},{'Support'},1,2,3,1,2,Magic,{1: 'Concussive Blows'},"{1: ""Winter's Bite""}",{1: 'Stand Behind Me'},{1: 'Unbreakable'},{1: 'Glacial Fissure'}
20,Briar,the Restrained Hunger,2,Fighter,Assassin,Frenzy,Melee,14/9/2023,{'Diver'},{'Jungle'},2,2,3,3,1,Physical,{1: 'Crimson Curse'},{1: 'Head Rush'},"{1: 'Blood Frenzy', 2: 'Snack Attack'}",{1: 'Chilling Scream'},{1: 'Certain Death'}
21,Caitlyn,the Sheriff of Piltover,1,Marksman,,Mana,Ranged,4/1/2011,{'Marksman'},{'Bottom'},3,1,2,2,1,Physical,{1: 'Headshot'},{1: 'Piltover Peacemaker'},{1: 'Yordle Snap Trap'},{1: '90 Caliber Net'},{1: 'Ace in the Hole'}
22,Camille,the Steel Shadow,3,Fighter,Assassin,Mana,Melee,7/12/2016,{'Diver'},"{'Support', 'Top'}",3,2,2,3,1,Physical,{1: 'Adaptive Defenses'},"{1: 'Precision Protocol', 2: 'Precision Protocol 2', 3: 'Precision Protocol 3'}",{1: 'Tactical Sweep'},"{1: 'Hookshot', 2: 'Wall Dive'}",{1: 'The Hextech Ultimatum'}
23,Cassiopeia,the Serpent's Embrace,3,Mage,,Mana,Ranged,14/12/2010,{'Battlemage'},{'Middle'},3,1,3,1,1,Magic,{1: 'Serpentine Grace'},{1: 'Noxious Blast'},{1: 'Miasma'},{1: 'Twin Fang'},{1: 'Petrifying Gaze'}
24,Chogath,the Terror of the Void,1,Tank,Mage,Mana,Melee,26/6/2009,{'Specialist'},{'Top'},2,3,2,1,1,Magic,{1: 'Carnivore'},{1: 'Rupture'},{1: 'Feral Scream'},{1: 'Vorpal Spikes'},{1: 'Feast'}
25,Corki,the Daring Bombardier,2,Marksman,Mage,Mana,Ranged,19/9/2009,{'Marksman'},{'Middle'},3,1,1,2,1,Physical,{1: 'Hextech Munitions'},{1: 'Phosphorus Bomb'},{1: 'Valkyrie'},{1: 'Gatling Gun'},"{1: 'Missile Barrage', 2: 'Big One'}"
26,Darius,the Hand of Noxus,2,Fighter,Tank,Mana,Melee,23/5/2012,{'Juggernaut'},{'Top'},3,2,2,1,1,Physical,{1: 'Hemorrhage'},{1: 'Decimate'},{1: 'Crippling Strike'},{1: 'Apprehend'},{1: 'Noxian Guillotine'}
27,Diana,Scorn of the Moon,1,Fighter,Assassin,Mana,Melee,7/8/2012,"{'Diver', 'Assassin'}","{'Jungle', 'Middle'}",3,2,2,2,1,Magic,{1: 'Moonsilver Blade'},{1: 'Crescent Strike'},{1: 'Pale Cascade'},{1: 'Lunar Rush'},{1: 'Moonfall'}
28,DrMundo,the Madman of Zaun,1,Tank,Fighter,Health,Melee,2/9/2009,{'Juggernaut'},{'Top'},2,3,1,1,1,Physical,{1: 'Goes Where He Pleases'},{1: 'Infected Bonesaw'},{1: 'Heart Zapper'},{1: 'Blunt Force Trauma'},{1: 'Maximum Dosage'}
29,Draven,the Glorious Executioner,2,Marksman,,Mana,Ranged,6/6/2012,{'Marksman'},{'Bottom'},3,1,1,2,1,Physical,{1: 'League of Draven'},{1: 'Spinning Axe'},{1: 'Blood Rush'},{1: 'Stand Aside'},"{1: 'Whirling Death', 2: 'Whirling Death 2'}"
30,Ekko,the Boy Who Shattered Time,3,Assassin,Mage,Mana,Melee,29/5/2015,{'Assassin'},"{'Jungle', 'Middle'}",3,2,2,3,1,Magic,{1: 'Z-Drive Resonance'},{1: 'Timewinder'},{1: 'Parallel Convergence'},{1: 'Phase Dive'},{1: 'Chronobreak'}
31,Elise,the Spider Queen,2,Assassin,Mage,Mana,Ranged,26/10/2012,{'Diver'},{'Jungle'},2,2,2,2,1,Magic,{1: 'Spider Queen'},"{1: 'Neurotoxin', 2: 'Venomous Bite'}","{1: 'Volatile Spiderling', 2: 'Skittering Frenzy'}","{1: 'Cocoon', 2: 'Rappel'}","{1: 'Spider Form', 2: 'Human Form'}"
32,Evelynn,Agony's Embrace,2,Assassin,Mage,Mana,Melee,1/5/2009,{'Assassin'},{'Jungle'},2,2,1,2,2,Magic,{1: 'Demon Shade'},{1: 'Hate Spike'},{1: 'Allure'},"{1: 'Whiplash', 2: 'Empowered Whiplash'}",{1: 'Last Caress'}
33,Ezreal,the Prodigal Explorer,1,Marksman,Mage,Mana,Ranged,16/3/2010,{'Marksman'},{'Bottom'},3,1,1,3,1,Physical,{1: 'Rising Spell Force'},{1: 'Mystic Shot'},{1: 'Essence Flux'},{1: 'Arcane Shift'},{1: 'Trueshot Barrage'}
34,Fiddlesticks,the Ancient Fear,2,Mage,Support,Mana,Ranged,21/2/2009,{'Specialist'},{'Jungle'},3,1,3,1,1,Magic,{1: 'A Harmless Scarecrow'},{1: 'Terrify'},{1: 'Bountiful Harvest'},{1: 'Reap'},{1: 'Crowstorm'}
35,Fiora,the Grand Duelist,2,Fighter,Assassin,Mana,Melee,29/2/2012,{'Skirmisher'},{'Top'},3,2,2,2,2,Physical,"{1: ""Duelist's Dance"", 2: ""Duelist's Dance 2""}",{1: 'Lunge'},{1: 'Riposte'},{1: 'Bladework'},"{1: 'Grand Challenge', 2: 'Grand Challenge 2'}"
36,Fizz,the Tidal Trickster,2,Assassin,Fighter,Mana,Melee,15/11/2011,{'Assassin'},{'Middle'},3,1,2,3,1,Magic,{1: 'Nimble Fighter'},{1: 'Urchin Strike'},{1: 'Seastone Trident'},"{1: 'Playful', 2: 'Trickster'}",{1: 'Chum the Waters'}
37,Galio,the Colossus,2,Tank,Mage,Mana,Melee,10/8/2010,{'Warden'},"{'Middle', 'Support'}",2,3,3,2,1,Magic,{1: 'Colossal Smash'},{1: 'Winds of War'},"{1: 'Shield of Durand', 2: 'Shield of Durand 2'}",{1: 'Justice Punch'},"{1: ""Hero's Entrance""}"
38,Gangplank,the Saltwater Scourge,3,Fighter,,Mana,Melee,19/8/2009,{'Specialist'},{'Top'},3,1,1,1,2,Physical,"{1: 'Trial by Fire', 2: 'Trial by Fire 2'}",{1: 'Parrrley'},{1: 'Remove Scurvy'},{1: 'Powder Keg'},{1: 'Cannon Barrage'}
39,Garen,The Might of Demacia,1,Fighter,Tank,None,Melee,27/4/2010,{'Juggernaut'},{'Top'},2,3,1,1,1,Physical,{1: 'Perseverance'},{1: 'Decisive Strike'},{1: 'Courage'},"{1: 'Judgment', 2: 'Judgment 2'}",{1: 'Demacian Justice'}
40,Gnar,the Missing Link,3,Fighter,Tank,Rage,Ranged,14/8/2014,{'Specialist'},{'Top'},2,1,1,2,1,Physical,{1: 'Rage Gene'},"{1: 'Boomerang Throw', 2: 'Boulder Toss'}","{1: 'Hyper', 2: 'Wallop'}","{1: 'Hop', 2: 'Crunch', 3: 'Hop and Crunch'}",{1: 'GNAR!'}
41,GnarBig,the Missing Link,2,Fighter,Tank,Rage,Melee,14/8/2014,{'Vanguard'},{'Top'},2,3,2,1,1,Physical,{1: 'Rage Gene'},{1: 'Boulder Toss'},{1: 'Wallop'},{1: 'Crunch'},{1: 'GNAR!'}
42,Gragas,the Rabble Rouser,2,Fighter,Mage,Mana,Melee,2/2/2010,{'Vanguard'},"{'Jungle', 'Middle', 'Top'}",2,3,3,2,1,Magic,{1: 'Happy Hour'},"{1: 'Barrel Roll', 2: 'Barrel Roll 2'}","{1: 'Drunken Rage', 2: 'Drunken Rage 2'}",{1: 'Body Slam'},{1: 'Explosive Cask'}
43,Graves,the Outlaw,2,Marksman,,Mana,Ranged,19/10/2011,{'Specialist'},{'Jungle'},3,2,1,2,2,Physical,{1: 'New Destiny'},{1: 'End of the Line'},{1: 'Smoke Screen'},{1: 'Quickdraw'},{1: 'Collateral Damage'}
44,Gwen,The Hallowed Seamstress,2,Fighter,Assassin,Mana,Melee,15/4/2021,{'Skirmisher'},"{'Jungle', 'Top'}",3,2,1,3,1,Magic,{1: 'Thousand Cuts'},{1: 'Snip Snip!'},{1: 'Hallowed Mist'},"{1: ""Skip 'n Slash""}",{1: 'Needlework'}
45,Hecarim,the Shadow of War,2,Fighter,Tank,Mana,Melee,18/4/2012,{'Diver'},{'Jungle'},2,2,2,2,1,Physical,{1: 'Warpath'},{1: 'Rampage'},{1: 'Spirit of Dread'},{1: 'Devastating Charge'},{1: 'Onslaught of Shadows'}
48,Heimerdinger,the Revered Inventor,2,Mage,Support,Mana,Ranged,10/10/2009,{'Specialist'},"{'Middle', 'Support', 'Top'}",3,1,2,1,2,Magic,{1: 'Hextech Affinity'},"{1: 'H-28G Evolution Turret', 2: 'H-28Q Apex Turret'}","{1: 'Hextech Micro-Rockets', 2: 'Hextech Rocket Swarm'}","{1: 'CH-2 Electron Storm Grenade', 2: 'CH-3X Lightning Grenade'}",{1: 'UPGRADE!!!'}
50,Hwei,the Visionary,3,Mage,Support,Mana,Ranged,5/12/2023,{'Artillery'},"{'Middle', 'Support'}",3,1,3,1,2,Magic,{1: 'Signature of the Visionary'},"{1: 'Subject: Disaster', 2: 'Devastating Fire', 3: 'Severing Bolt', 4: 'Molten Fissure'}","{1: 'Subject: Serenity', 2: 'Fleeting Current', 3: 'Pool of Reflection', 4: 'Stirring Lights'}","{1: 'Subject: Torment', 2: 'Grim Visage', 3: 'Gaze of the Abyss', 4: 'Crushing Maw'}","{1: 'Spiraling Despair', 2: 'Wash Brush'}"
51,Illaoi,the Kraken Priestess,2,Fighter,Tank,Mana,Melee,24/11/2015,{'Juggernaut'},{'Top'},3,2,1,1,1,Physical,{1: 'Prophet of an Elder God'},{1: 'Tentacle Smash'},{1: 'Harsh Lesson'},"{1: 'Test of Spirit', 2: 'Vessel'}",{1: 'Leap of Faith'}
53,Irelia,the Blade Dancer,2,Fighter,Assassin,Mana,Melee,16/11/2010,{'Diver'},"{'Middle', 'Top'}",2,2,2,3,2,Physical,{1: 'Ionian Fervor'},{1: 'Bladesurge'},{1: 'Defiant Dance'},{1: 'Flawless Duet'},"{1: ""Vanguard's Edge""}"
54,Ivern,the Green Father,3,Support,Mage,Mana,Ranged,5/10/2016,{'Catcher'},{'Jungle'},1,1,3,2,3,Magic,{1: 'Friend of the Forest'},{1: 'Rootcaller'},{1: 'Brushmaker'},{1: 'Triggerseed'},"{1: 'Daisy!', 2: 'Daisy, wait!'}"
55,Janna,the Storm's Fury,1,Support,Mage,Mana,Ranged,2/9/2009,{'Enchanter'},{'Support'},1,1,3,1,3,Magic,{1: 'Tailwind'},{1: 'Howling Gale'},{1: 'Zephyr'},{1: 'Eye of the Storm'},{1: 'Monsoon'}
56,JarvanIV,the Exemplar of Demacia,1,Fighter,Tank,Mana,Melee,1/3/2011,{'Diver'},{'Jungle'},2,2,2,2,2,Physical,{1: 'Martial Cadence'},{1: 'Dragon Strike'},{1: 'Golden Aegis'},{1: 'Demacian Standard'},{1: 'Cataclysm'}
57,Jax,Grandmaster at Arms,1,Fighter,Assassin,Mana,Melee,21/2/2009,{'Skirmisher'},"{'Jungle', 'Top'}",3,2,2,2,1,Physical,{1: 'Relentless Assault'},{1: 'Leap Strike'},{1: 'Empower'},{1: 'Counter Strike'},{1: 'Grandmaster-At-Arms'}
58,Jayce,the Defender of Tomorrow,2,Marksman,Fighter,Mana,Melee,7/7/2012,{'Artillery'},"{'Middle', 'Top'}",3,1,1,2,2,Physical,{1: 'Hextech Capacitor'},"{1: 'To the Skies!', 2: 'Shock Blast'}","{1: 'Lightning Field', 2: 'Hyper Charge'}","{1: 'Thundering Blow', 2: 'Acceleration Gate'}","{1: 'Transform Mercury Cannon', 2: 'Transform Mercury Hammer'}"
59,Jhin,the Virtuoso,2,Marksman,Mage,Mana,Ranged,1/2/2016,"{'Catcher', 'Marksman'}",{'Bottom'},3,1,2,1,1,Physical,{1: 'Whisper'},{1: 'Dancing Grenade'},"{1: 'Deadly Flourish', 2: 'Caught Out'}",{1: 'Captive Audience'},"{1: 'Curtain Call', 2: 'Curtain Call 2', 3: 'Curtain Call 3'}"
60,Jinx,the Loose Cannon,2,Marksman,,Mana,Ranged,10/10/2013,{'Marksman'},{'Bottom'},3,1,2,1,1,Physical,{1: 'Get Excited!'},"{1: 'Switcheroo!', 2: 'Pow-Pow', 3: ""Rev'd up""}",{1: 'Zap!'},"{1: 'Flame Chompers!', 2: 'Flame Chompers! 2'}",{1: 'Super Mega Death Rocket!'}
61,KSante,the Pride of Nazumah,3,Tank,Fighter,Mana,Melee,2/11/2022,"{'Warden', 'Skirmisher'}",{'Top'},2,3,3,2,2,Physical,{1: 'Dauntless Instinct'},{1: 'Ntofo Strikes'},{1: 'Path Maker'},{1: 'Footwork'},{1: 'All Out'}
62,Kaisa,Daughter of the Void,2,Marksman,Mage,Mana,Ranged,7/3/2018,{'Marksman'},{'Bottom'},3,1,1,3,1,Magic,{1: 'Second Skin'},"{1: 'Icathian Rain', 2: 'Icathian Rain 2'}","{1: 'Void Seeker', 2: 'Void Seeker 2'}","{1: 'Supercharge', 2: 'Supercharge 2'}",{1: 'Killer Instinct'}
63,Kalista,the Spear of Vengeance,3,Marksman,,Mana,Ranged,20/11/2014,{'Marksman'},{'Bottom'},3,1,1,3,2,Physical,{1: 'Martial Poise'},{1: 'Pierce'},{1: 'Sentinel'},{1: 'Rend'},"{1: ""Fate's Call""}"
64,Karma,the Enlightened One,1,Mage,Support,Mana,Ranged,1/2/2011,"{'Burst', 'Enchanter'}","{'Middle', 'Support', 'Top'}",2,1,2,1,2,Magic,{1: 'Gathering Fire'},"{1: 'Inner Flame', 2: 'Soulflare'}","{1: 'Focused Resolve', 2: 'Renewal'}","{1: 'Inspire', 2: 'Defiance'}",{1: 'Mantra'}
67,Karthus,the Deathsinger,2,Mage,,Mana,Ranged,12/6/2009,{'Battlemage'},{'Jungle'},3,1,1,1,2,Magic,{1: 'Death Defied'},{1: 'Lay Waste'},{1: 'Wall of Pain'},{1: 'Defile'},{1: 'Requiem'}
68,Kassadin,the Void Walker,2,Assassin,Mage,Mana,Melee,7/8/2009,{'Assassin'},{'Middle'},3,2,1,3,1,Magic,{1: 'Void Stone'},{1: 'Null Sphere'},{1: 'Nether Blade'},{1: 'Force Pulse'},{1: 'Riftwalk'}
69,Katarina,the Sinister Blade,2,Assassin,Mage,None,Melee,19/9/2009,{'Assassin'},{'Middle'},3,1,1,3,1,Magic,"{1: 'Voracity', 2: 'Sinister Steel'}",{1: 'Bouncing Blade'},{1: 'Preparation'},{1: 'Shunpo'},{1: 'Death Lotus'}
72,Kayle,the Righteous,2,Mage,Marksman,Mana,Melee,21/2/2009,{'Specialist'},{'Top'},3,1,1,1,3,Physical,{1: 'Divine Ascent'},{1: 'Radiant Blast'},{1: 'Celestial Blessing'},{1: 'Starfire Spellblade'},{1: 'Divine Judgment'}
74,Kayn,the Shadow Reaper,2,Fighter,Assassin,Mana,Melee,12/7/2017,{'Skirmisher'},{'Jungle'},3,1,1,3,1,Physical,"{1: 'The Darkin Scythe', 2: 'The Darkin Scythe A', 3: 'The Darkin Scythe R'}","{1: 'Reaping Slash', 2: 'Reaping Slash A', 3: 'Reaping Slash R'}","{1: ""Blade's Reach"", 2: ""Blade's Reach A"", 3: ""Blade's Reach R""}","{1: 'Shadow Step', 2: 'Shadow Step A', 3: 'Shadow Step R'}","{1: 'Umbral Trespass', 2: 'Umbral Trespass R', 3: 'Umbral Trespass 2', 4: 'Umbral Trespass 2 R'}"
75,Kennen,the Heart of the Tempest,2,Mage,Marksman,Energy,Ranged,8/4/2010,{'Specialist'},{'Top'},3,1,3,1,1,Magic,{1: 'Mark of the Storm'},{1: 'Thundering Shuriken'},{1: 'Electrical Surge'},{1: 'Lightning Rush'},{1: 'Slicing Maelstrom'}
76,Khazix,the Voidreaver,2,Assassin,,Mana,Melee,27/9/2012,{'Assassin'},{'Jungle'},3,1,1,2,1,Physical,{1: 'Unseen Threat'},"{1: 'Taste Their Fear', 2: 'Evolved Reaper Claws'}","{1: 'Void Spike', 2: 'Evolved Spike Racks'}","{1: 'Leap', 2: 'Evolved Wings'}","{1: 'Void Assault', 2: 'Evolved Adaptive Cloaking'}"
77,Kindred,The Eternal Hunters,3,Marksman,,Mana,Ranged,14/10/2015,{'Marksman'},{'Jungle'},3,1,2,3,2,Physical,{1: 'Mark of the Kindred'},{1: 'Dance of Arrows'},"{1: ""Wolf's Frenzy""}",{1: 'Mounting Dread'},"{1: ""Lamb's Respite""}"
78,Kled,the Cantankerous Cavalier,2,Fighter,Tank,Courage,Melee,10/8/2016,{'Skirmisher'},{'Top'},3,2,1,2,1,Physical,"{1: 'Skaarl the Cowardly Lizard', 2: 'Dismounted Skaarl the Cowardly Lizard'}","{1: 'Bear Trap on a Rope', 2: 'Pocket Pistol'}",{1: 'Violent Tendencies'},"{1: 'Jousting', 2: 'Dismounted Jousting'}","{1: 'Chaaaaaaaarge!!!', 2: 'Dismounted Chaaaaaaaarge!!!'}"
79,Kled,the Cantankerous Cavaliers,2,Fighter,Tank,Courage,Melee,10/8/2016,{'Skirmisher'},{'Top'},3,2,1,3,1,Physical,{1: 'Skaarl the Cowardly Lizard'},{1: 'Bear Trap on a Rope'},{1: 'Violent Tendencies'},"{1: 'Jousting', 2: 'Jousting 2'}","{1: 'Chaaaaaaaarge!!!', 2: 'Chaaaaaaaarge!!! 2'}"
80,KogMaw,the Mouth of the Abyss,2,Marksman,Mage,Mana,Ranged,24/6/2010,{'Marksman'},{'Bottom'},3,1,1,1,1,Physical,{1: 'Icathian Surprise'},{1: 'Caustic Spittle'},{1: 'Bio-Arcane Barrage'},{1: 'Void Ooze'},{1: 'Living Artillery'}
81,Leblanc,the Deceiver,2,Assassin,Mage,Mana,Ranged,2/11/2010,{'Burst'},{'Middle'},3,1,2,3,1,Magic,{1: 'Mirror Image'},{1: 'Sigil of Malice'},"{1: 'Distortion', 2: 'Distortion 2'}",{1: 'Ethereal Chains'},"{1: 'Mimic', 2: 'Mimic: Sigil of Malice', 3: 'Mimic: Distortion', 4: 'Mimic: Ethereal Chains'}"
82,LeeSin,the Blind Monk,2,Fighter,Assassin,Energy,Melee,1/4/2011,{'Diver'},{'Jungle'},3,2,2,3,1,Physical,{1: 'Flurry'},"{1: 'Sonic Wave', 2: 'Resonating Strike'}","{1: 'Safeguard', 2: 'Iron Will'}","{1: 'Tempest', 2: 'Cripple'}","{1: ""Dragon's Rage""}"
83,Leona,the Radiant Dawn,1,Tank,Support,Mana,Melee,13/7/2011,{'Vanguard'},{'Support'},1,3,3,1,1,Physical,{1: 'Sunlight'},{1: 'Shield of Daybreak'},{1: 'Eclipse'},{1: 'Zenith Blade'},{1: 'Solar Flare'}
84,Lillia,the Bashful Bloom,3,Fighter,Mage,Mana,Melee,22/7/2020,{'Skirmisher'},{'Jungle'},3,1,2,2,2,Magic,{1: 'Dream-Laden Bough'},"{1: 'Blooming Blows', 2: 'Prance'}",{1: 'Watch Out! Eep!'},{1: 'Swirlseed'},{1: 'Lilting Lullaby'}
85,Lissandra,the Ice Witch,2,Mage,,Mana,Ranged,30/4/2013,{'Burst'},{'Middle'},3,1,3,2,1,Magic,{1: 'Iceborn Subjugation'},{1: 'Ice Shard'},{1: 'Ring of Frost'},{1: 'Glacial Path'},{1: 'Frozen Tomb'}
86,Lucian,the Purifier,2,Marksman,Assassin,Mana,Ranged,22/8/2013,{'Marksman'},{'Bottom'},3,1,1,3,1,Physical,{1: 'Lightslinger'},{1: 'Piercing Light'},"{1: 'Ardent Blaze', 2: 'Ardent Blaze 2', 3: 'Ardent Blaze 3'}",{1: 'Relentless Pursuit'},{1: 'The Culling'}
89,Lulu,the Fae Sorceress,2,Support,Mage,Mana,Ranged,20/3/2012,{'Enchanter'},{'Support'},2,1,2,1,3,Magic,"{1: 'Pix, Faerie Companion'}",{1: 'Glitterlance'},{1: 'Whimsy'},"{1: 'Help, Pix!'}",{1: 'Wild Growth'}
90,Lux,the Lady of Luminosity,1,Mage,Support,Mana,Ranged,19/10/2010,"{'Burst', 'Artillery'}","{'Middle', 'Support'}",3,1,2,1,2,Magic,{1: 'Illumination'},{1: 'Light Binding'},{1: 'Prismatic Barrier'},{1: 'Lucent Singularity'},{1: 'Final Spark'}
91,Malphite,Shard of the Monolith,1,Tank,Mage,Mana,Melee,2/9/2009,{'Vanguard'},"{'Middle', 'Support', 'Top'}",1,3,3,1,1,Magic,{1: 'Granite Shield'},{1: 'Seismic Shard'},{1: 'Thunderclap'},{1: 'Ground Slam'},{1: 'Unstoppable Force'}
92,Malzahar,the Prophet of the Void,1,Mage,Assassin,Mana,Ranged,1/6/2010,{'Battlemage'},{'Middle'},3,1,3,1,2,Magic,{1: 'Void Shift'},{1: 'Call of the Void'},{1: 'Void Swarm'},{1: 'Malefic Visions'},{1: 'Nether Grasp'}
96,Maokai,the Twisted Treant,1,Tank,Support,Mana,Melee,16/2/2011,{'Vanguard'},"{'Jungle', 'Support'}",1,3,3,1,2,Magic,"{1: 'Sap Magic', 2: 'Sap Magic 2'}",{1: 'Bramble Smash'},{1: 'Twisted Advance'},{1: 'Sapling Toss'},"{1: ""Nature's Grasp""}"
98,MasterYi,the Wuju Bladesman,1,Assassin,Fighter,Mana,Melee,21/2/2009,{'Skirmisher'},{'Jungle'},3,1,1,2,1,Physical,{1: 'Double Strike'},{1: 'Alpha Strike'},{1: 'Meditate'},{1: 'Wuju Style'},{1: 'Highlander'}
99,Mel,the Soul's Reflection,2,Mage,Support,Mana,Ranged,23/1/2025,{'Artillery'},"{'Middle', 'Support'}",3,1,2,1,1,Magic,{1: 'Searing Brilliance'},{1: 'Radiant Volley'},{1: 'Rebuttal'},{1: 'Solar Snare'},{1: 'Golden Eclipse'}
101,Milio,The Gentle Flame,1,Support,Mage,Mana,Ranged,23/3/2023,{'Enchanter'},{'Support'},1,1,2,3,3,Magic,{1: 'Fired Up!'},{1: 'Ultra Mega Fire Kick'},"{1: 'Cozy Campfire', 2: 'Cozy Campfire 2'}",{1: 'Warm Hugs'},{1: 'Breath of Life'}
102,MissFortune,the Bounty Hunter,1,Marksman,Mage,Mana,Ranged,8/9/2010,{'Marksman'},{'Bottom'},3,1,1,1,1,Physical,{1: 'Love Tap'},{1: 'Double Up'},"{1: 'Strut', 2: 'Impure Shots'}",{1: 'Make It Rain'},{1: 'Bullet Time'}
103,Mordekaiser,the Iron Revenant,2,Fighter,Mage,Shield,Melee,24/2/2010,{'Juggernaut'},{'Top'},3,2,1,1,2,Magic,{1: 'Darkness Rise'},{1: 'Obliterate'},"{1: 'Indestructible', 2: 'Indestructible 2'}","{1: ""Death's Grasp""}",{1: 'Realm of Death'}
104,Morgana,the Fallen,1,Mage,Support,Mana,Ranged,21/2/2009,{'Catcher'},{'Support'},2,1,3,1,2,Magic,{1: 'Soul Siphon'},{1: 'Dark Binding'},{1: 'Tormented Shadow'},{1: 'Black Shield'},{1: 'Soul Shackles'}
105,Naafiri,the Hound of a Hundred Bites,1,Assassin,Fighter,Mana,Melee,19/7/2023,{'Assassin'},{'Middle'},3,1,1,3,1,Physical,{1: 'We Are More'},{1: 'Darkin Daggers'},"{1: ""Hounds' Pursuit""}",{1: 'Eviscerate'},{1: 'The Call of the Pack'}
106,Nami,the Tidecaller,2,Support,Mage,Mana,Ranged,7/12/2012,{'Enchanter'},{'Support'},1,1,3,1,2,Magic,{1: 'Surging Tides'},{1: 'Aqua Prison'},{1: 'Ebb and Flow'},"{1: ""Tidecaller's Blessing""}",{1: 'Tidal Wave'}
107,Nasus,the Curator of the Sands,1,Fighter,Tank,Mana,Melee,1/10/2009,{'Juggernaut'},{'Top'},2,3,2,1,1,Physical,{1: 'Soul Eater'},{1: 'Siphoning Strike'},{1: 'Wither'},{1: 'Spirit Fire'},{1: 'Fury of the Sands'}
110,Nautilus,the Titan of the Depths,2,Tank,Support,Mana,Melee,14/2/2012,{'Vanguard'},{'Support'},1,3,3,1,1,Magic,{1: 'Staggering Blow'},{1: 'Dredge Line'},"{1: ""Titan's Wrath""}",{1: 'Riptide'},"{1: 'Depth Charge', 2: 'Depth Charge 2'}"
111,Neeko,the Curious Chameleon,1,Mage,Support,Mana,Ranged,5/12/2018,"{'Burst', 'Catcher'}","{'Middle', 'Support'}",3,1,3,1,1,Magic,{1: 'Inherent Glamour'},{1: 'Blooming Burst'},{1: 'Shapesplitter'},{1: 'Tangle-Barbs'},{1: 'Pop Blossom'}
112,Nidalee,the Bestial Huntress,2,Assassin,Mage,Mana,Ranged,17/12/2009,{'Specialist'},{'Jungle'},3,1,1,3,2,Magic,{1: 'Prowl'},"{1: 'Javelin Toss', 2: 'Takedown'}","{1: 'Bushwhack', 2: 'Pounce'}","{1: 'Primal Surge', 2: 'Swipe'}","{1: 'Aspect of the Cougar', 2: 'Aspect of the Cougar 2'}"
113,Nilah,the Joy Unbound,3,Fighter,Assassin,Mana,Melee,13/7/2022,{'Skirmisher'},{'Bottom'},3,1,1,3,2,Physical,{1: 'Joy Unending'},{1: 'Formless Blade'},{1: 'Jubilant Veil'},{1: 'Slipstream'},{1: 'Apotheosis'}
114,Nocturne,the Eternal Nightmare,1,Fighter,Assassin,Mana,Melee,15/3/2011,{'Assassin'},{'Jungle'},3,1,2,2,2,Physical,{1: 'Umbra Blades'},{1: 'Duskbringer'},{1: 'Shroud of Darkness'},{1: 'Unspeakable Horror'},{1: 'Paranoia'}
115,Nunu,the Boy and His Yeti,1,Tank,Mage,Mana,Melee,21/2/2009,{'Vanguard'},{'Jungle'},1,3,2,1,2,Magic,{1: 'Call of the Freljord'},{1: 'Consume'},{1: 'Biggest Snowball Ever!'},{1: 'Snowball Barrage'},{1: 'Absolute Zero'}
117,Olaf,the Berserker,1,Fighter,Tank,Mana,Melee,9/6/2010,{'Diver'},{'Top'},2,2,2,1,1,Physical,{1: 'Berserker Rage'},{1: 'Undertow'},{1: 'Tough It Out'},{1: 'Reckless Swing'},{1: 'Ragnarok'}
119,Orianna,the Lady of Clockwork,2,Mage,Support,Mana,Ranged,1/6/2011,{'Burst'},{'Middle'},2,1,2,1,2,Magic,"{1: 'Clockwork Windup', 2: 'Clockwork Winding'}",{1: 'Command: Attack'},{1: 'Command: Dissonance'},{1: 'Command: Protect'},{1: 'Command: Shockwave'}
120,Ornn,The Fire Below the Mountain,2,Tank,Fighter,Mana,Melee,23/8/2017,{'Vanguard'},{'Top'},1,3,3,1,2,Physical,"{1: 'Living Forge', 2: 'Master Craftsman'}",{1: 'Volcanic Rupture'},{1: 'Bellows Breath'},{1: 'Searing Charge'},{1: 'Call of the Forge God'}
121,Pantheon,the Unbreakable Spear,1,Fighter,Assassin,Mana,Melee,2/2/2010,{'Diver'},"{'Jungle', 'Middle', 'Support', 'Top'}",3,2,2,2,1,Physical,{1: 'Mortal Will'},{1: 'Comet Spear'},{1: 'Shield Vault'},{1: 'Aegis Assault'},{1: 'Grand Starfall'}
122,Poppy,Keeper of the Hammer,2,Tank,Fighter,Mana,Melee,13/1/2010,{'Warden'},"{'Jungle', 'Top'}",2,3,3,2,1,Physical,"{1: 'Iron Ambassador', 2: 'Iron Ambassador 2'}",{1: 'Hammer Shock'},"{1: 'Steadfast Presence', 2: 'Stubborn to a Fault'}",{1: 'Heroic Charge'},"{1: ""Keeper's Verdict""}"
126,Pyke,the Bloodharbor Ripper,2,Support,Assassin,Mana,Melee,31/5/2018,"{'Catcher', 'Assassin'}",{'Support'},2,1,3,3,1,Physical,{1: 'Gift of the Drowned Ones'},{1: 'Bone Skewer'},{1: 'Ghostwater Dive'},{1: 'Phantom Undertow'},"{1: 'Death from Below', 2: 'Death from Below 2'}"
127,Qiyana,Empress of the Elements,3,Assassin,Fighter,Mana,Melee,28/6/2019,{'Assassin'},{'Middle'},3,1,2,2,1,Physical,{1: 'Royal Privilege'},"{1: 'Edge of Ixtal', 2: 'Elemental Wrath'}",{1: 'Terrashape'},{1: 'Audacity'},{1: 'Supreme Display of Talent'}
131,Quinn,Demacia's Wings,2,Marksman,Assassin,Mana,Ranged,1/3/2013,{'Specialist'},{'Top'},3,1,2,3,1,Physical,{1: 'Harrier'},{1: 'Blinding Assault'},{1: 'Heightened Senses'},{1: 'Vault'},"{1: 'Behind Enemy Lines', 2: 'Skystrike'}"
133,Rakan,The Charmer,2,Support,,Mana,Melee,19/4/2017,{'Catcher'},{'Support'},1,2,3,3,3,Magic,"{1: 'Fey Feathers', 2: ""Lover's Leap""}",{1: 'Gleaming Quill'},{1: 'Grand Entrance'},"{1: 'Battle Dance', 2: 'Battle Dance 2'}",{1: 'The Quickness'}
134,Rammus,the Armordillo,1,Tank,Fighter,Mana,Melee,10/7/2009,{'Vanguard'},{'Jungle'},2,3,3,2,1,Physical,{1: 'Spiked Shell'},{1: 'Powerball'},{1: 'Defensive Ball Curl'},{1: 'Frenzying Taunt'},{1: 'Soaring Slam'}
136,RekSai,the Void Burrower,2,Fighter,Tank,Rage,Melee,11/12/2014,{'Diver'},{'Jungle'},2,2,2,2,2,Physical,"{1: ""Fury of the Xer'Sai""}","{1: ""Queen's Wrath"", 2: 'Prey Seeker'}","{1: 'Burrow', 2: 'Unburrow'}","{1: 'Furious Bite', 2: 'Tunnel'}",{1: 'Void Rush'}
141,Rell,the Iron Maiden,2,Tank,Support,Mana,Melee,10/12/2020,{'Vanguard'},{'Support'},1,3,3,2,2,Magic,{1: 'Break the Mold'},{1: 'Shattering Strike'},"{1: 'Ferromancy: Crash Down', 2: 'Ferromancy: Mount Up'}",{1: 'Full Tilt'},{1: 'Magnet Storm'}
142,Renata,the Chem-Baroness,2,Support,Mage,Mana,Ranged,17/2/2022,{'Enchanter'},{'Support'},2,1,3,1,2,Magic,{1: 'Leverage'},{1: 'Handshake'},{1: 'Bailout'},{1: 'Loyalty Program'},{1: 'Hostile Takeover'}
143,Renekton,the Butcher of the Sands,1,Fighter,Tank,Fury,Melee,18/1/2011,{'Diver'},{'Top'},2,2,2,2,1,Physical,{1: 'Reign of Anger'},{1: 'Cull the Meek'},{1: 'Ruthless Predator'},"{1: 'Slice', 2: 'Dice'}",{1: 'Dominus'}
145,Rengar,the Pridestalker,2,Assassin,Fighter,Ferocity,Melee,21/8/2012,"{'Diver', 'Assassin'}","{'Jungle', 'Top'}",3,1,2,2,1,Physical,"{1: 'Unseen Predator', 2: 'Bonetooth Necklace', 3: ""Head of Kha'Zix""}",{1: 'Savagery'},{1: 'Battle Roar'},{1: 'Bola Strike'},{1: 'Thrill of the Hunt'}
147,Riven,the Exile,2,Fighter,Assassin,None,Melee,14/9/2011,{'Skirmisher'},{'Top'},3,2,2,3,1,Physical,{1: 'Runic Blade'},{1: 'Broken Wings'},{1: 'Ki Burst'},{1: 'Valor'},"{1: 'Blade of the Exile', 2: 'Wind Slash'}"
150,Rumble,the Mechanized Menace,2,Fighter,Mage,Heat,Melee,26/4/2011,{'Battlemage'},"{'Middle', 'Top'}",3,2,2,1,1,Magic,"{1: 'Junkyard Titan', 2: 'Junkyard Titan 2', 3: 'Junkyard Titan 3'}",{1: 'Flamespitter'},"{1: 'Scrap Shield', 2: 'Scrap Shield 2'}","{1: 'Electro Harpoon', 2: 'Electro Harpoon 2'}",{1: 'The Equalizer'}
150.2,Ryze,the Rune Mage,2,Mage,Fighter,Mana,Ranged,21/2/2009,{'Battlemage'},{'Middle'},3,1,2,2,2,Magic,{1: 'Arcane Mastery'},"{1: 'Overload', 2: 'Overload 2', 3: 'Overload 3', 4: 'Overload 4'}",{1: 'Rune Prison'},{1: 'Spell Flux'},{1: 'Realm Warp'}
154,Samira,the Desert Rose,2,Marksman,Assassin,Mana,Ranged,21/9/2020,{'Marksman'},{'Bottom'},3,2,1,3,1,Physical,"{1: 'Daredevil Impulse', 2: 'splash coin'}",{1: 'Flair'},{1: 'Blade Whirl'},{1: 'Wild Rush'},{1: 'Inferno Trigger'}
157,Sejuani,Fury of the North,2,Tank,Fighter,Mana,Melee,17/1/2012,{'Vanguard'},{'Jungle'},2,2,3,2,1,Magic,{1: 'Fury of the North'},{1: 'Arctic Assault'},"{1: ""Winter's Wrath""}",{1: 'Permafrost'},{1: 'Glacial Prison'}
161,Senna,the Redeemer,2,Support,Marksman,Mana,Ranged,10/11/2019,"{'Enchanter', 'Marksman'}","{'Support', 'Bottom'}",2,1,2,1,3,Physical,{1: 'Absolution'},{1: 'Piercing Darkness'},{1: 'Last Embrace'},{1: 'Curse of the Black Mist'},{1: 'Dawning Shadow'}
163,Seraphine,the Starry-Eyed Songstress,1,Support,Mage,Mana,Ranged,29/10/2020,"{'Burst', 'Enchanter'}","{'Support', 'Bottom'}",3,1,3,1,2,Magic,{1: 'Stage Presence'},{1: 'High Note'},{1: 'Surround Sound'},{1: 'Beat Drop'},{1: 'Encore'}
164,Sett,the Boss,2,Fighter,Tank,Grit,Melee,14/1/2020,{'Juggernaut'},{'Top'},2,2,2,2,1,Physical,{1: 'Pit Grit'},"{1: 'Knuckle Down', 2: 'Looking for a Fight'}",{1: 'Haymaker'},{1: 'Facebreaker'},{1: 'The Show Stopper'}
166,Shaco,the Demon Jester,2,Assassin,,Mana,Melee,10/10/2009,{'Assassin'},"{'Jungle', 'Support'}",3,1,2,2,2,Physical,{1: 'Backstab'},{1: 'Deceive'},{1: 'Jack in the Box'},{1: 'Two-Shiv Poison'},{1: 'Hallucinate'}
200,Shen,the Eye of Twilight,2,Tank,,Energy,Melee,24/3/2010,{'Warden'},"{'Support', 'Top'}",2,3,2,2,3,Physical,{1: 'Ki Barrier'},"{1: 'Twilight Assault', 2: 'Twilight Assault 2', 3: 'Twilight Assault 3'}","{1: ""Spirit's Refuge""}",{1: 'Shadow Dash'},"{1: 'Stand United', 2: 'Stand United 2'}"
201,Shyvana,the Half-Dragon,1,Fighter,Mage,Fury,Melee,1/11/2011,{'Juggernaut'},{'Jungle'},2,2,1,2,1,Physical,{1: 'Fury of the Dragonborn'},{1: 'Twin Bite'},{1: 'Burnout'},{1: 'Flame Breath'},"{1: ""Dragon's Descent""}"
202,Singed,the Mad Chemist,2,Tank,Mage,Mana,Melee,18/4/2009,{'Specialist'},{'Top'},2,3,2,2,1,Magic,{1: 'Noxious Slipstream'},{1: 'Poison Trail'},{1: 'Mega Adhesive'},{1: 'Fling'},{1: 'Insanity Potion'}
203,Sion,The Undead Juggernaut,1,Tank,Fighter,Mana,Melee,21/2/2009,{'Vanguard'},{'Top'},2,3,3,1,1,Physical,"{1: 'Glory in Death', 2: 'Death Surge'}",{1: 'Decimating Smash'},"{1: 'Soul Furnace', 2: 'Soul Furnace 2'}",{1: 'Roar of the Slayer'},"{1: 'Unstoppable Onslaught', 2: 'Unstoppable Onslaught 2'}"
221,Sivir,the Battle Mistress,2,Marksman,,Mana,Ranged,21/2/2009,{'Marksman'},{'Bottom'},3,1,1,1,2,Physical,{1: 'Fleet of Foot'},{1: 'Boomerang Blade'},{1: 'Ricochet'},{1: 'Spell Shield'},{1: 'On the Hunt'}
222,Skarner,the Primordial Sovereign,2,Tank,Fighter,Mana,Melee,9/8/2011,{'Vanguard'},"{'Jungle', 'Top'}",2,3,3,2,1,Physical,{1: 'Threads of Vibration'},"{1: 'Shattered Earth', 2: 'Upheaval'}",{1: 'Seismic Bastion'},"{1: ""Ixtal's Impact""}",{1: 'Impale'}
223,Smolder,the Fiery Fledgling,2,Marksman,Mage,Mana,Ranged,31/1/2024,{'Marksman'},"{'Middle', 'Bottom', 'Top'}",3,1,1,1,1,Physical,{1: 'Dragon Practice'},{1: 'Super Scorcher Breath'},{1: 'Achooo!'},"{1: 'Flap, Flap, Flap'}",{1: 'MMOOOMMMM!'}
233,Sona,Maven of the Strings,1,Support,Mage,Mana,Ranged,21/9/2010,{'Enchanter'},{'Support'},2,1,2,1,2,Magic,{1: 'Power Chord'},{1: 'Hymn of Valor'},{1: 'Aria of Perseverance'},{1: 'Song of Celerity'},{1: 'Crescendo'}
234,Soraka,the Starchild,1,Support,Mage,Mana,Ranged,21/2/2009,{'Enchanter'},{'Support'},1,1,2,1,3,Magic,{1: 'Salvation'},{1: 'Starcall'},{1: 'Astral Infusion'},{1: 'Equinox'},{1: 'Wish'}
235,Swain,the Noxian Grand General,2,Mage,Support,Mana,Ranged,5/10/2010,{'Battlemage'},"{'Middle', 'Support'}",2,2,2,1,1,Magic,{1: 'Ravenous Flock'},"{1: ""Death's Hand""}",{1: 'Vision of Empire'},{1: 'Nevermove'},"{1: 'Demonic Ascension', 2: 'Demonflare'}"
236,Sylas,the Unshackled,3,Mage,Assassin,Mana,Melee,25/1/2019,"{'Burst', 'Skirmisher'}","{'Middle', 'Top'}",2,2,1,3,1,Magic,{1: 'Petricite Burst'},{1: 'Chain Lash'},{1: 'Kingslayer'},"{1: 'Abscond', 2: 'Abduct'}",{1: 'Hijack'}
238,Syndra,the Dark Sovereign,2,Mage,,Mana,Ranged,13/9/2012,{'Burst'},{'Middle'},3,1,2,1,1,Magic,{1: 'Transcendent'},{1: 'Dark Sphere'},"{1: 'Force of Will', 2: 'Force of Will 2'}",{1: 'Scatter the Weak'},{1: 'Unleashed Power'}
240,TahmKench,The River King,1,Tank,Support,Mana,Melee,9/7/2015,{'Warden'},"{'Support', 'Top'}",2,3,2,1,3,Magic,{1: 'An Acquired Taste'},{1: 'Tongue Lash'},{1: 'Abyssal Dive'},{1: 'Thick Skin'},"{1: 'Devour', 2: 'Regurgitate'}"
240.1,Taliyah,the Stoneweaver,2,Mage,Support,Mana,Ranged,18/5/2016,{'Battlemage'},"{'Jungle', 'Middle'}",3,1,2,1,3,Magic,{1: 'Rock Surfing'},"{1: 'Threaded Volley', 2: 'Threaded Volley 2'}",{1: 'Seismic Shove'},{1: 'Unraveled Earth'},"{1: ""Weaver's Wall"", 2: ""Weaver's Wall 2""}"
245,Talon,the Blade's Shadow,2,Assassin,,Mana,Melee,24/8/2011,{'Assassin'},{'Jungle'},3,1,1,2,1,Physical,"{1: ""Blade's End""}",{1: 'Noxian Diplomacy'},{1: 'Rake'},"{1: ""Assassin's Path""}",{1: 'Shadow Assault'}
246,Taric,the Shield of Valoran,2,Support,Tank,Mana,Melee,19/8/2009,"{'Enchanter', 'Warden'}","{'Middle', 'Support'}",1,2,2,1,3,Physical,{1: 'Bravado'},"{1: ""Starlight's Touch""}","{1: 'Bastion', 2: 'Bastion 2'}",{1: 'Dazzle'},{1: 'Cosmic Radiance'}
254,Teemo,the Swift Scout,1,Marksman,Mage,Mana,Ranged,21/2/2009,{'Specialist'},"{'Jungle', 'Support', 'Top'}",3,1,2,1,2,Magic,{1: 'Guerrilla Warfare'},{1: 'Blinding Dart'},{1: 'Move Quick'},{1: 'Toxic Shot'},{1: 'Noxious Trap'}
266,Thresh,the Chain Warden,3,Support,Tank,Mana,Ranged,23/1/2013,{'Catcher'},{'Support'},1,2,3,1,3,Physical,{1: 'Damnation'},"{1: 'Death Sentence', 2: 'Deathly Leap'}",{1: 'Dark Passage'},"{1: 'Flay', 2: 'Flay 2', 3: 'Flay 3', 4: 'Flay 4', 5: 'Flay 5'}",{1: 'The Box'}
267,Tristana,the Yordle Gunner,1,Marksman,Assassin,Mana,Ranged,21/2/2009,{'Marksman'},"{'Middle', 'Bottom'}",3,1,2,2,1,Physical,{1: 'Draw a Bead'},{1: 'Rapid Fire'},{1: 'Rocket Jump'},{1: 'Explosive Charge'},{1: 'Buster Shot'}
268,Trundle,the Troll King,1,Fighter,Tank,Mana,Melee,1/12/2010,{'Juggernaut'},"{'Jungle', 'Top'}",2,3,1,1,2,Physical,"{1: ""King's Tribute""}",{1: 'Chomp'},{1: 'Frozen Domain'},{1: 'Pillar of Ice'},{1: 'Subjugate'}
350,Tryndamere,the Barbarian King,1,Fighter,Assassin,Fury,Melee,1/5/2009,{'Skirmisher'},{'Top'},3,2,1,2,1,Physical,{1: 'Battle Fury'},{1: 'Bloodlust'},{1: 'Mocking Shout'},{1: 'Spinning Slash'},{1: 'Undying Rage'}
360,TwistedFate,the Card Master,2,Mage,Marksman,Mana,Ranged,21/2/2009,{'Burst'},"{'Middle', 'Bottom', 'Top'}",3,1,2,2,2,Magic,{1: 'Loaded Dice'},{1: 'Wild Cards'},"{1: 'Pick a Card', 2: 'Blue Card', 3: 'Red Card', 4: 'Gold Card'}",{1: 'Stacked Deck'},"{1: 'Destiny', 2: 'Gate'}"
412,Twitch,the Plague Rat,2,Marksman,Assassin,Mana,Ranged,1/5/2009,{'Marksman'},"{'Support', 'Bottom'}",3,1,1,2,1,Physical,{1: 'Deadly Venom'},"{1: 'Ambush', 2: 'Ambush 2', 3: 'Ambush 3'}",{1: 'Venom Cask'},{1: 'Contaminate'},{1: 'Spray and Pray'}
420,Udyr,the Spirit Walker,1,Fighter,Tank,Mana,Melee,2/12/2009,{'Juggernaut'},"{'Jungle', 'Top'}",2,3,2,2,1,Physical,{1: 'Bridge Between'},{1: 'Wilding Claw'},{1: 'Iron Mantle'},{1: 'Blazing Stampede'},{1: 'Wingborne Storm'}
421,Urgot,the Dreadnought,2,Fighter,Tank,Mana,Ranged,24/8/2010,{'Juggernaut'},{'Top'},2,2,2,1,1,Physical,{1: 'Echoing Flames'},{1: 'Corrosive Charge'},{1: 'Purge'},{1: 'Disdain'},{1: 'Fear Beyond Death'}
427,Varus,the Arrow of Retribution,2,Marksman,Mage,Mana,Ranged,8/5/2012,"{'Artillery', 'Marksman'}",{'Bottom'},3,1,2,1,1,Physical,{1: 'Living Vengeance'},{1: 'Piercing Arrow'},{1: 'Blighted Quiver'},{1: 'Hail of Arrows'},{1: 'Chain of Corruption'}
429,Vayne,the Night Hunter,2,Marksman,Assassin,Mana,Ranged,10/5/2011,{'Marksman'},"{'Bottom', 'Top'}",3,1,2,2,1,Physical,{1: 'Night Hunter'},{1: 'Tumble'},{1: 'Silver Bolts'},{1: 'Condemn'},{1: 'Final Hour'}
432,Veigar,the Tiny Master of Evil,2,Mage,,Mana,Ranged,24/7/2009,{'Burst'},"{'Middle', 'Support'}",3,1,3,1,1,Magic,{1: 'Phenomenal Evil Power'},{1: 'Baleful Strike'},{1: 'Dark Matter'},{1: 'Event Horizon'},{1: 'Primordial Burst'}
497,Velkoz,the Eye of the Void,2,Mage,Support,Mana,Ranged,27/2/2014,{'Artillery'},"{'Middle', 'Support'}",3,1,2,1,1,Magic,{1: 'Organic Deconstruction'},"{1: 'Plasma Fission', 2: 'Plasma Fission 2'}",{1: 'Void Rift'},{1: 'Tectonic Disruption'},"{1: 'Life Form Disintegration Ray', 2: 'Researched'}"
498,Vex,the Gloomist,2,Mage,,Mana,Ranged,23/9/2021,{'Burst'},{'Middle'},3,2,2,2,1,Magic,"{1: ""Doom 'n Gloom""}",{1: 'Mistral Bolt'},{1: 'Personal Space'},{1: 'Looming Darkness'},{1: 'Shadow Surge'}
516,Vi,the Piltover Enforcer,1,Fighter,Assassin,Mana,Melee,19/12/2012,{'Diver'},{'Jungle'},2,2,3,2,1,Physical,{1: 'Blast Shield'},{1: 'Vault Breaker'},"{1: 'Denting Blows', 2: 'Denting Blows 2'}","{1: 'Relentless Force', 2: 'Relentless Force 2'}",{1: 'Cease and Desist'}
517,Viego,The Ruined King,3,Fighter,Assassin,None,Melee,21/1/2021,{'Skirmisher'},{'Jungle'},3,1,2,2,1,Physical,"{1: ""Sovereign's Domination""}",{1: 'Blade of the Ruined King'},{1: 'Spectral Maw'},{1: 'Harrowed Path'},{1: 'Heartbreaker'}
518,Viktor,the Herald of the Arcane,3,Mage,,Mana,Ranged,29/12/2011,{'Battlemage'},{'Middle'},3,1,2,1,1,Magic,"{1: 'Glorious Evolution', 2: 'Glorious Evolution 2', 3: 'Glorious Evolution 3', 4: 'Glorious Evolution 4', 5: 'Glorious Evolution 5'}","{1: 'Siphon Power', 2: 'Discharge'}",{1: 'Gravity Field'},{1: 'Hextech Ray'},"{1: 'Arcane Storm', 2: 'Arcane Storm 3'}"
523,Vladimir,the Crimson Reaper,2,Mage,Fighter,Crimson Rush,Ranged,27/7/2010,{'Battlemage'},"{'Middle', 'Top'}",3,2,1,1,1,Magic,{1: 'Crimson Pact'},"{1: 'Transfusion', 2: 'Crimson Rush'}",{1: 'Sanguine Pool'},{1: 'Tides of Blood'},{1: 'Hemoplague'}
526,Volibear,the Relentless Storm,1,Fighter,Tank,Mana,Melee,29/11/2011,{'Juggernaut'},"{'Jungle', 'Top'}",2,3,2,2,1,Physical,{1: 'The Relentless Storm'},{1: 'Thundering Smash'},{1: 'Frenzied Maul'},{1: 'Sky Splitter'},{1: 'Stormbringer'}
555,Warwick,the Uncaged Wrath of Zaun,1,Fighter,Tank,Mana,Melee,21/2/2009,{'Diver'},"{'Jungle', 'Top'}",2,2,2,1,1,Physical,{1: 'Eternal Hunger'},{1: 'Jaws of the Beast'},{1: 'Blood Hunt'},{1: 'Primal Howl'},{1: 'Infinite Duress'}
711,MonkeyKing,the Monkey King,1,Fighter,Tank,Mana,Melee,26/7/2011,{'Diver'},"{'Jungle', 'Top'}",2,2,2,2,1,Physical,{1: 'Stone Skin'},{1: 'Crushing Blow'},{1: 'Warrior Trickster'},{1: 'Nimbus Strike'},{1: 'Cyclone'}
777,Xayah,the Rebel,2,Marksman,,Mana,Ranged,19/4/2017,{'Marksman'},{'Bottom'},3,2,3,1,1,Physical,"{1: 'Clean Cuts', 2: ""Lover's Leap""}",{1: 'Double Daggers'},{1: 'Deadly Plumage'},{1: 'Bladecaller'},{1: 'Featherstorm'}
799,Xerath,the Magus Ascendant,2,Mage,Support,Mana,Ranged,5/10/2011,{'Artillery'},"{'Middle', 'Support'}",3,1,2,1,1,Magic,{1: 'Mana Surge'},{1: 'Arcanopulse'},{1: 'Eye of Destruction'},{1: 'Shocking Orb'},{1: 'Rite of the Arcane'}
800,XinZhao,the Seneschal of Demacia,1,Fighter,Tank,Mana,Melee,13/7/2010,{'Diver'},{'Jungle'},2,2,2,2,1,Physical,{1: 'Determination'},{1: 'Three Talon Strike'},{1: 'Wind Becomes Lightning'},{1: 'Audacious Charge'},{1: 'Crescent Guard'}
875,Yasuo,the Unforgiven,3,Fighter,Assassin,Flow,Melee,13/12/2013,{'Skirmisher'},"{'Middle', 'Bottom', 'Top'}",3,1,2,3,2,Physical,{1: 'Way of the Wanderer'},"{1: 'Steel Tempest', 2: 'Steel Tempest 2', 3: 'Steel Tempest 3'}",{1: 'Wind Wall'},{1: 'Sweeping Blade'},{1: 'Last Breath'}
876,Yone,the Unforgotten,3,Fighter,Assassin,Flow,Melee,6/8/2020,"{'Skirmisher', 'Assassin'}","{'Middle', 'Top'}",3,1,2,3,1,Physical,{1: 'Way of the Hunter'},{1: 'Mortal Steel'},{1: 'Spirit Cleave'},{1: 'Soul Unbound'},{1: 'Fate Sealed'}
887,Yorick,Shepherd of Souls,2,Fighter,Tank,Mana,Melee,22/6/2011,{'Juggernaut'},{'Top'},2,2,2,1,2,Physical,{1: 'Shepherd of Souls'},"{1: 'Last Rites', 2: 'Awakening'}",{1: 'Dark Procession'},{1: 'Mourning Mist'},{1: 'Eulogy of the Isles'}
888,Yuumi,the Magical Cat,1,Support,Mage,Mana,Ranged,14/5/2019,{'Enchanter'},{'Support'},1,1,1,3,3,Magic,{1: 'Feline Friendship'},{1: 'Prowling Projectile'},"{1: 'You and Me!', 2: 'Change of Plan'}",{1: 'Zoomies'},{1: 'Final Chapter'}
893,Zac,the Secret Weapon,1,Tank,Fighter,Health,Melee,29/3/2013,{'Vanguard'},"{'Jungle', 'Support', 'Top'}",2,3,3,2,1,Magic,"{1: 'Cell Division', 2: 'Cell Division 2'}",{1: 'Stretching Strikes'},{1: 'Unstable Matter'},{1: 'Elastic Slingshot'},"{1: ""Let's Bounce!""}"
895,Zed,the Master of Shadows,3,Assassin,,Energy,Melee,13/11/2012,{'Assassin'},"{'Jungle', 'Middle'}",3,1,1,3,1,Physical,{1: 'Contempt for the Weak'},{1: 'Razor Shuriken'},"{1: 'Living Shadow', 2: 'Living Shadow 2'}",{1: 'Shadow Slash'},"{1: 'Death Mark', 2: 'Death Mark 2'}"
897,Zeri,The Spark of Zaun,2,Marksman,,Mana,Ranged,20/1/2022,{'Marksman'},{'Bottom'},2,1,2,3,0,Physical,{1: 'Living Battery'},{1: 'Burst Fire'},{1: 'Ultrashock Laser'},{1: 'Spark Surge'},{1: 'Lightning Crash'}
901,Ziggs,the Hexplosives Expert,2,Mage,,Mana,Ranged,1/2/2012,{'Artillery'},"{'Middle', 'Bottom'}",3,1,2,2,1,Magic,{1: 'Short Fuse'},{1: 'Bouncing Bomb'},{1: 'Satchel Charge'},{1: 'Hexplosive Minefield'},{1: 'Mega Inferno Bomb'}
902,Zilean,the Chronokeeper,2,Support,Mage,Mana,Ranged,18/4/2009,{'Specialist'},{'Support'},2,1,2,2,3,Magic,{1: 'Time in a Bottle'},{1: 'Time Bomb'},{1: 'Rewind'},{1: 'Time Warp'},{1: 'Chronoshift'}
910,Zoe,the Aspect of Twilight,3,Mage,Support,Mana,Ranged,21/11/2017,{'Burst'},{'Middle'},3,1,2,2,1,Magic,{1: 'More Sparkles!'},"{1: 'Paddle Star', 2: 'Paddle Star 2'}",{1: 'Spell Thief'},{1: 'Sleepy Trouble Bubble'},{1: 'Portal Jump'}
950,Zyra,Rise of the Thorns,2,Mage,Support,Mana,Ranged,24/7/2012,{'Catcher'},{'Support'},3,1,3,1,1,Magic,{1: 'Garden of Thorns'},{1: 'Deadly Spines'},{1: 'Rampant Growth'},{1: 'Grasping Roots'},{1: 'Stranglethorns'}
